-- phpMyAdmin SQL Dump
-- version 4.8.5
-- https://www.phpmyadmin.net/
--
-- Хост: 127.0.0.1
-- Время создания: Мар 01 2019 г., 16:53
-- Версия сервера: 10.1.38-MariaDB
-- Версия PHP: 7.3.2

SET SQL_MODE = "NO_AUTO_VALUE_ON_ZERO";
SET AUTOCOMMIT = 0;
START TRANSACTION;
SET time_zone = "+00:00";


/*!40101 SET @OLD_CHARACTER_SET_CLIENT=@@CHARACTER_SET_CLIENT */;
/*!40101 SET @OLD_CHARACTER_SET_RESULTS=@@CHARACTER_SET_RESULTS */;
/*!40101 SET @OLD_COLLATION_CONNECTION=@@COLLATION_CONNECTION */;
/*!40101 SET NAMES utf8mb4 */;

--
-- База данных: `projectdb`
--

-- --------------------------------------------------------

--
-- Структура таблицы `headings`
--

CREATE TABLE `headings` (
  `id_heading` int(11) NOT NULL,
  `name` varchar(50) NOT NULL
) ENGINE=InnoDB DEFAULT CHARSET=utf8;

--
-- Дамп данных таблицы `headings`
--

INSERT INTO `headings` (`id_heading`, `name`) VALUES
(1, 'Новости IT'),
(2, 'Другие новости'),
(3, 'Политика'),
(4, 'Общество'),
(5, 'Экономика'),
(6, 'Спорт'),
(7, 'Технологии');

-- --------------------------------------------------------

--
-- Структура таблицы `news`
--

CREATE TABLE `news` (
  `id_news` int(11) NOT NULL,
  `date` date NOT NULL,
  `time` time DEFAULT NULL,
  `headline` varchar(50) NOT NULL,
  `id_author` int(11) DEFAULT NULL,
  `id_heading` int(11) DEFAULT NULL,
  `preview` varchar(250) NOT NULL,
  `text` mediumtext NOT NULL
) ENGINE=InnoDB DEFAULT CHARSET=utf8;

--
-- Дамп данных таблицы `news`
--

INSERT INTO `news` (`id_news`, `date`, `time`, `headline`, `id_author`, `id_heading`, `preview`, `text`) VALUES
(8, '2019-03-01', '00:56:00', 'Древности: двадцатилетняя фотокамера на дискетах', 1, 3, 'В 1998 году я безнадежно мечтал про два гаджета: карманный компьютер (с клавиатурой, тогда других почти и не было) и цифровую фотокамеру. Купить ни то, ни другое шансов у меня не было, но был план, и в отношении фотокамеры выбор безусловно был в поль', 'В 1998 году я безнадежно мечтал про два гаджета: карманный компьютер (с клавиатурой, тогда других почти и не было) и цифровую фотокамеру. Купить ни то, ни другое шансов у меня не было, но был план, и в отношении фотокамеры выбор безусловно был в пользу устройств, пишущих цифровые фотографии на дискеты. Почему? Очень просто: карты памяти были дорогие, а дискеты — вот они, в количествах. Плюс обеспечивалась совместимость с любым компьютером без всяких проводов. \r\n\r\nПреимущество моего винтажного увлечения в том, что все мечты сбываются, надо лишь немного (лет десять-двадцать) подождать. Недавно я совсем недорого приобрел устройство двадцатилетней давности — цифровую фотокамеру Sony Digital Mavica MVC-FD71 с 0,3-мегапиксельной матрицей и дискетным приводом. Она и в 1998 году была не самым лучшим представителем нового поколения фотоаппаратов, но из 2019 года принципиальной разницы нет. Ожидая что-то совсем непригодное к использованию в современных условиях, я был приятно удивлен. \r\n\r\nДневник коллекционера старых железок я веду в режиме реального времени в Телеграмме. Эта статья также опубликована здесь в формате, совместимом с большинством старых компьютеров (там еще есть чуть больше сэмплов с камеры).\r\n\r\n\r\n\r\nВ рекламе из журнала PC Magazine 1999 года Sony предлагает четыре модели фотокамер на дискетах. FD71 — вторая снизу по цене. 700 долларов тех лет — это чуть больше тысячи современных, или стоимость неплохой беззеркальной камеры среднего уровня. На этом сайте к 1998 году отнесены больше 50 моделей цифровых фотокамер, причем примерно за те же деньги можно было купить, например, Casio QV-7000SX с матрицей в 1.3 мегапикселя. Соседняя реклама дает представление о ценах на карты памяти:\r\n\r\n\r\n\r\n133 доллара за 48 мегабайт, или разумные 16 мегабайт за полсотни. Вроде недорого — 10% от стоимости самой камеры, но двадцать лет назад лайфхак с дискетами мне казался беспроигрышным вариантом (учитывая что ничего из упомянутого я в принципе не мог приобрести). Основным средством фотографирования в конце девяностых были пленочные мыльницы, в пользу которых я даже отказался от имевшихся в ассортименте советских фотоаппаратов. На самом деле зря, сейчас исторические фото были бы гораздо качественнее. Фотопленку надо было купить, потом отнести в лабораторию, где тебе ее за деньги проявят и напечатают. Цифровая фотография сулила независимость от фотоларьков и отсутствие дополнительных расходов, мгновенный результат, а кроме того — это был прогресс! \r\n\r\n\r\n\r\nВ январе 1999 года PC Magazine проводит сравнительное тестирование цифровых фотокамер. Старшая модель серии, FD81, получает выбор редакции (она даже умеет снимать видео!). Если у вас в 1998 году было очень много денег, можно было приобрести Canon EOS D6000. Эта цифровая зеркальная камера была разработана в Kodak (первая камера собственной разработки, Canon EOS D30, появится только в 2000 году) и имела 6-мегапиксельную CCD-матрицу. Гонка мегапикселей кажется началась именно тогда, и закончилась где-то в начале нынешнего десятилетия. В начале тысячелетия три мегапикселя считались уже достаточными для любых задач, хотя если взять фотоаппарат тех времен и современный, станет понятно, что дело не только в разрешении. \r\n\r\n\r\n\r\nВернемся к Sony. Ее я покупал по «нищебродскому» методу. Обычно когда ищещь какую-то конкретную модель, да еще желательно в неплохом состоянии — то даже самый старый хлам обходится сравнительно дорого, а работоспособность устройства все равно никто не гарантирует. Несколько раз я так покупал казалось бы прекрасно сохранившиеся аппараты в коробке с аксессуарами за приличные деньги, и обнаруживал, что они, мягко говоря, далеки от идеала. Поэтому можно поступить по-другому и выбрать самый дешевый лот, и посмотреть что будет. Часто бывает так, что эти копеечные устройства работают лучше, чем дорогие экземпляры. \r\n\r\n\r\n\r\nТак и вышло. Камера приехала в сумке, с новой, работающей батарейкой (неоригинальной, исходная тоже была, и работала, но недолго). Ее, судя по протертому дисплею, явно любили и часто использовали. Это не музейный экспонат, но работает в ней все. Невероятная надежность. Чтобы сэкономить батарею, отдельным переключателем можно было выключить подсветку экрана. Дисплей при этом подсвечивается через специальное окно на верхней кромке, и в солнечную погоду такого естественного освещения хватает (но все равно неудобно). Управление, скажем так, базовое: есть кнопка отключения вспышки, переключатель режимов фотосъемки и воспроизведения, кнопка (ужасных) фотоэффектов (сепия, негативное изображение и подобное). Джойстиком можно зайти в меню, а в режиме съемки им настраивается компенсация экспозиции. Сбоку еще есть переключатель, позволяющий вручную регулировать фокус кольцом на объективе. Ручного управления выдержкой и диафрагмой нет, только через «режимы съемки». \r\n\r\n\r\n\r\nНо это все в 2019 году не очень важно. В 2019 году круче всего вставить в этот увесистый аппарат дискету, нажать кнопку спуска затвора и услышать божественные звуки записи. А фотографии получаются примерно такие:\r\n\r\n\r\n\r\nПо современным меркам не хватает всего: и разрешения, и динамического диапазона, и качества оптики, но фотографии выходят далеко не такие ужасные, как я себе представлял. Размер файла в стандартном режиме — от 40 до 100 килобайт, и на одну дискету поместится от 10 до 20 фотографий. Опять же, по сравнению с 36 кадрами пленки это нормально, тем более что недостатка в дискетах я не испытывал ни тогда, ни сейчас. Отправляясь в поездку с таким фотоаппаратом вы сами можете решить, сколько снимков вам нужно, и взять соответствующее количество дискет. Но это стандартный режим, а есть еще качественный: фотокамера пишет снимок в несжатом формате BMP. Это, наверное, ближайший аналог современной съемке в RAW. \r\n\r\n\r\n\r\nВ этом режиме все становится очень плохо. Вместо 3-5 секунд фотокамера пишет снимок на дискету примерно минуту. Размер фотографии — около 900 килобайт, а значит на стандартную дискету помещается только один кадр. \r\n\r\n\r\n\r\nЭто — лучшее, что может предложить фотокамера двадцатилетней давности. Как оно по сравнению с современными устройствами? По хорошему, фотокамеру Sony Mavica надо сравнивать со смартфонами. Они почти полностью заменили компактные фотоаппараты, обеспечивают весьма неплохое качество, и стоят примерно столько же (а умеют больше). Можно сравнить с компактными камерами современности, например с той же Sony RX100. Но я решил не экономить на пикселях и сделал сравнение с беззеркальной фотокамерой Sony A7R II. Нечестно? Пожалуй, зато наглядно. \r\n\r\n\r\n\r\nФотография в формате JPEG c оригинальным 43-мегапиксельным разрешением весит 19 мегабайт, для нее одной понадобится 14 дискет. Если снимать в RAW, то дискет нужно уже 29. Дело не только в разрешении, заметен вклад более качественного объектива и полнокадровой матрицы: фото с «мыльницы» с кроп-фактором в районе 10 получается уж слишком плоское. Впрочем, что тут еще можно было ожидать? Хочется сравнить камеры на одном снимке, но это непросто. Sony Digital Mavica ведет свою родословную от видеокамер, поэтому соотношение сторон у снимков (как и разрешение) — телевизионное, 4:3. Современный цифровой фотоаппарат Sony снимает в формате 3:2. Лучше всего сравнивать на каком-то плоском объекте: можно привести разрешение «старой» фотографии к новому и выровнять два фото в фотошопе. \r\n\r\n\r\n\r\nФотошоп немного исказил перспективу, выравнивая обе фотографии, но все равно разница очень заметная. В обоих случаях использованы только фрагменты кадра. Это примерно как фотографировать Юпитер через телескоп с Земли и с помощью космического аппарата Кассини. Перед вами двадцать лет прогресса в цифровой фотографии! \r\n\r\n\r\n\r\nВ контексте конца девяностых Digital Mavica — пусть и не лучший технически, но надежный и вполне удобный в использовании цифровой фотоаппарат. У него десятикратный оптический зум (фото выше — на максимуме), достаточный набор возможностей для повседневной фотосъемки, максимально удобный способ переноса фотографий на компьютер. Можно говорить о том, что даже за похожие деньги уже тогда были экземпляры получше. Но это тогда можно было говорить. Если бы я отправился на машине времени на двадцать лет назад, какой бы цифровой фотоаппарат я выбрал?\r\n\r\n\r\n\r\nНикакой, и это такая интересная особенность цифровой фототехники в контексте моего устаревшего хобби. Мое субъективное мнение — фотоаппараты, сравнимые с пленкой по качеству фотографий (я сейчас не про удобство, и не про творческие возможности, а именно про технические параметры) появились, самое раннее, в середине-конце нулевых. Это, например, 12-мегапиксельный Nikon D90 2008 года или первая «народная» полнокадровая зеркалка Canon 5D 2005-го. Даже они по сравнению с современной фототехникой кажутся динозаврами. В конце девяностых я бы наверное снимал на пленку, не мыльницей конечно, а с помощью зеркального фотоаппарата. Или даже «Зенитом» или «Фэд-5В». Кому-то пленка и по сей день кажется привлекательнее цифры, но теперь это уже скорее вопрос вкусовых и творческих предпочтений, а не какого-то реального преимущества. \r\n\r\n\r\n\r\nЗато у дискетного фотоаппарата есть одна приятная особенность, по которой он превосходит многие современные фотокамеры — практически полное отсутствие лага между матрицей и дисплеем. Все, что вы видите на экране, происходит практически в режиме реального времени. Кроме того, если вам нужно скопировать дискету, и по ряду причин это ваше единственное устройство с дисководом, камера позволяет это делать через собственный буфер. Цифровой фотоаппарат конца девяностых — это большой набор компромиссов, а эта модель вообще, судя по всему, представляет собой видеокамеру без кассетного механизма. Это интересный артефакт конца прошлого века, предвестник нового мира, в котором цифровая фотография — нечто повсеместное и само собой разумеющееся. В некотором смысле бесполезный экспонат, зато, несмотря на сложный механизм дисковода, эта фотокамера вполне может пережить мои современные устройства. По крайней мере уже двадцать лет полет нормальный.'),
(9, '2019-03-01', '11:12:00', 'test', 9, 2, 'dsgdfhdtfh', 'fdjftdjtttjjjjjjjjjjjjjfdgjfgjdf'),
(16, '2019-03-20', '01:01:00', 'Test', 1, 2, '11412423', '3253425235'),
(17, '2019-03-01', '19:50:00', 'Test1', 1, 2, 'Test1', 'ADMIN SAYS, THIS IS TEST TWO!!!!!!'),
(18, '2019-03-01', '19:51:00', 'Test2', 9, 3, 'Test2', 'user make test three, but its name\'s test2');

-- --------------------------------------------------------

--
-- Структура таблицы `users`
--

CREATE TABLE `users` (
  `id_users` int(11) NOT NULL,
  `login` varchar(255) NOT NULL,
  `password` text NOT NULL,
  `role` tinyint(1) DEFAULT '0',
  `name` varchar(255) NOT NULL,
  `lastacces` datetime DEFAULT NULL
) ENGINE=InnoDB DEFAULT CHARSET=utf8;

--
-- Дамп данных таблицы `users`
--

INSERT INTO `users` (`id_users`, `login`, `password`, `role`, `name`, `lastacces`) VALUES
(1, 'admin', '41b9df4a217bb3c10b1c339358111b0d', 1, 'admin', NULL),
(9, 'user1', '24c9e15e52afc47c225b757e7bee1f9d', 0, 'Пользователь Первый', NULL);

--
-- Индексы сохранённых таблиц
--

--
-- Индексы таблицы `headings`
--
ALTER TABLE `headings`
  ADD PRIMARY KEY (`id_heading`);

--
-- Индексы таблицы `news`
--
ALTER TABLE `news`
  ADD PRIMARY KEY (`id_news`),
  ADD KEY `id_heading` (`id_heading`),
  ADD KEY `id_author` (`id_author`) USING BTREE;

--
-- Индексы таблицы `users`
--
ALTER TABLE `users`
  ADD PRIMARY KEY (`id_users`);

--
-- AUTO_INCREMENT для сохранённых таблиц
--

--
-- AUTO_INCREMENT для таблицы `headings`
--
ALTER TABLE `headings`
  MODIFY `id_heading` int(11) NOT NULL AUTO_INCREMENT, AUTO_INCREMENT=8;

--
-- AUTO_INCREMENT для таблицы `news`
--
ALTER TABLE `news`
  MODIFY `id_news` int(11) NOT NULL AUTO_INCREMENT, AUTO_INCREMENT=19;

--
-- AUTO_INCREMENT для таблицы `users`
--
ALTER TABLE `users`
  MODIFY `id_users` int(11) NOT NULL AUTO_INCREMENT, AUTO_INCREMENT=10;

--
-- Ограничения внешнего ключа сохраненных таблиц
--

--
-- Ограничения внешнего ключа таблицы `news`
--
ALTER TABLE `news`
  ADD CONSTRAINT `news_ibfk_2` FOREIGN KEY (`id_heading`) REFERENCES `headings` (`id_heading`) ON DELETE CASCADE ON UPDATE CASCADE,
  ADD CONSTRAINT `news_ibfk_3` FOREIGN KEY (`id_author`) REFERENCES `users` (`id_users`) ON DELETE CASCADE ON UPDATE CASCADE;
COMMIT;

/*!40101 SET CHARACTER_SET_CLIENT=@OLD_CHARACTER_SET_CLIENT */;
/*!40101 SET CHARACTER_SET_RESULTS=@OLD_CHARACTER_SET_RESULTS */;
/*!40101 SET COLLATION_CONNECTION=@OLD_COLLATION_CONNECTION */;
